키워드,카테고리,우선순위,사용여부,사용일자
AI 블로그 자동화,기술,1,False,
ChatGPT 활용법,기술,1,true,2025-11-16
웹 개발 팁,기술,1,False,
프로그래밍 초보자 가이드,교육,1,True,2025-11-15
최신 기술 트렌드,기술,1,False,
생산성 도구 추천,생산성,1,False,
온라인 수익 창출,수익,1,False,
디지털 마케팅 전략,마케팅,1,False,
코딩 학습 방법,교육,1,true,2025-11-18
스타트업 아이디어,비즈니스,1,False,
부업 추천,수익,1,True,2025-11-15
투자 가이드,금융,1,False,
건강 관리 팁,건강,1,False,
여행 계획,여행,1,true,2025-11-22
요리 레시피,요리,1,True,2025-11-15
Python 프로그래밍,기술,1,False,
JavaScript 기초,기술,1,False,
리액트 개발,기술,1,true,2025-11-16
데이터 분석 방법,기술,1,False,
머신러닝 입문,기술,1,true,2025-11-22
블록체인 이해하기,기술,1,true,2025-11-15
클라우드 서비스 비교,기술,1,true,2025-11-17
모바일 앱 개발,기술,1,true,2025-11-16
사이드 프로젝트 아이디어,비즈니스,1,True,2025-11-15
온라인 쇼핑 팁,생활,1,True,2025-11-15
Vue.js 기초,기술,1,False,
Node.js 서버 구축,기술,1,False,
데이터베이스 설계,기술,1,true,2025-11-21
API 개발 가이드,기술,1,true,2025-11-16
마이크로서비스 아키텍처,기술,1,False,
도커 컨테이너 활용,기술,1,true,2025-11-16
쿠버네티스 입문,기술,1,true,2025-11-20
CI/CD 파이프라인 구축,기술,1,False,
프론트엔드 최적화,기술,1,true,2025-11-22
백엔드 보안,기술,1,true,2025-11-17
모바일 UI/UX 디자인,디자인,1,true,2025-11-20
웹 접근성 개선,기술,1,False,
성능 모니터링,기술,1,true,2025-11-21
개발자 포트폴리오,커리어,1,False,
기술 면접 준비,커리어,1,true,2025-11-16
원격 근무 팁,커리어,1,true,2025-11-22
프리랜서 시작하기,커리어,1,False,
개발자 커뮤니티 참여,커리어,1,true,2025-11-17
오픈소스 기여하기,커리어,1,true,2025-11-16
기술 블로그 운영,커리어,1,true,2025-11-20
개인 브랜딩 전략,커리어,1,False,
온라인 강의 추천,교육,1,true,2025-11-19
코딩 테스트 준비,교육,1,true,2025-11-18
알고리즘 학습 방법,교육,1,true,2025-11-22
데이터 구조 이해,교육,1,true,2025-11-21
소프트웨어 아키텍처,기술,1,true,2025-11-16
리팩토링 기법,기술,1,False,
테스트 자동화,기술,1,False,
코드 리뷰 방법,기술,1,False,
Git 워크플로우,기술,1,true,2025-11-22
협업 도구 추천,생산성,1,False,
프로젝트 관리 방법,생산성,1,False,
시간 관리 팁,생산성,1,False,
집중력 향상,생산성,1,true,2025-11-21
습관 만들기,생산성,1,true,2025-11-21
독서 습관,생산성,1,true,2025-11-18
운동 루틴,건강,1,False,
수면 개선,건강,1,true,2025-11-18
스트레스 관리,건강,1,true,2025-11-22
식단 관리,건강,1,true,2025-11-18
재무 계획,금융,1,true,2025-11-15
저축 전략,금융,1,False,
주식 투자 기초,금융,1,False,
암호화폐 이해,금융,1,False,
부동산 투자,금융,1,true,2025-11-15
온라인 비즈니스 시작,비즈니스,1,true,2025-11-17
마케팅 자동화,마케팅,1,False,
소셜 미디어 전략,마케팅,1,true,2025-11-20
콘텐츠 마케팅,마케팅,1,False,
이메일 마케팅,마케팅,1,False,
SEO 최적화,마케팅,1,False,
인플루언서 마케팅,마케팅,1,true,2025-11-21
브랜드 구축,비즈니스,1,False,
고객 서비스,비즈니스,1,False,
제품 기획,비즈니스,1,true,2025-11-18
스타트업 자금 조달,비즈니스,1,true,2025-11-15
AI 돈 버는 법,수익,1,true,2025-11-18
AI 숏폼 자동생성,수익,1,true,2025-11-19
AI 자동화 수익,수익,1,true,2025-11-19
AI 영상 자동 생성,수익,1,true,2025-11-22
AI 패시브 인컴,수익,1,False,
AI 트위터 자동화,수익,1,False,
AI 릴스 자동화,수익,1,true,2025-11-15
AI 틱톡 자동화,수익,1,true,2025-11-15
AI 음악 자동생성,수익,1,False,
AI 뉴스봇,수익,1,true,2025-11-20
Cursor 콘텐츠 공장,수익,1,False,
AI수익 시스템,수익,1,False,
AI 글쓰기 자동화,수익,1,False,
AI 뉴스레터 자동화,수익,1,true,2025-11-19
AI 자동화 직업,수익,1,False,
AI 이모티콘 생성,수익,1,False,
AI 브이로그 생성,수익,1,true,2025-11-19
AI 책요약,수익,1,False,
AI 문서요약 자동화,수익,1,False,
ChatGPT 자동화 파이프라인,수익,1,False,
AI 이미지 판매,수익,1,true,2025-11-20
AI 아트 자동화,수익,1,False,
AI 투잡 자동화,수익,1,False,
StableDiffusion 자동영상,수익,1,False,
AI 수익 플랫폼,수익,1,False,
AI 프롬프트 엔지니어링,수익,1,False,
AI SaaS 자동화,수익,1,False,
SaaS AI Agent,수익,1,true,2025-11-22
AI 강의 자동제작,수익,1,False,
AI 영상 파이프라인,수익,1,true,2025-11-20
텍스트이미지영상 자동화,수익,1,False,
K콘텐츠 AI 자동화,수익,1,true,2025-11-15
AI 니치 블로그,수익,1,False,
AI 수익 자동화 예시,수익,1,true,2025-11-15
AI PDF 전자책,수익,1,true,2025-11-22
AI 쇼츠 대량생산,수익,1,False,
AI 밈 자동화,수익,1,False,
AI 패시브수익 시스템,수익,1,true,2025-11-17
SERP AI 자동화,수익,1,true,2025-11-17
AI 리포트 자동화,수익,1,true,2025-11-17
AI 투자 요약,수익,1,true,2025-11-18
AI 이미지 업로드 자동화,수익,1,False,
AI 다국어 자동화,수익,1,False,
AI 유튜브 자동 채널,수익,1,true,2025-11-16
AI 음성 자동생성,수익,1,False,
AI 디스코드 요약봇,수익,1,true,2025-11-19
AI 풀자동화 시스템,수익,1,False,
AI 자동수익 로드맵,수익,1,true,2025-11-15
AI 자동화 비즈니스,수익,1,False,
비트코인 온체인 분석,금융,1,true,2025-11-16
AI 온체인 분석,금융,1,true,2025-11-20
AI 자동매매 크립토,금융,1,true,2025-11-20
온체인 고점 예측,금융,1,False,
AI 알트코인 분석,금융,1,False,
LLM 온체인 분석,금융,1,true,2025-11-17
Glassnode AI 분석,금융,1,true,2025-11-17
MVRV AI 분석,금융,1,False,
NUPL 지표 AI,금융,1,true,2025-11-17
비트코인 사이클 온체인,금융,1,False,
AI 온체인 반전,금융,1,False,
고래지갑 AI 추적,금융,1,False,
비트코인 온체인 가치평가,금융,1,False,
AI 고래거래 감지,금융,1,true,2025-11-21
온체인 디파이 리스크,금융,1,true,2025-11-21
AI DeFi APY 자동화,금융,1,False,
AI 이더리움 번분석,금융,1,False,
이더리움 온체인 데이터,금융,1,true,2025-11-21
온체인 시장심리 분석,금융,1,False,
AI L2 분석,금융,1,False,
AI ETF 온체인 분석,금융,1,true,2025-11-15
온체인 브릿지 리스크,금융,1,False,
AI MEV 분석,금융,1,False,
AI DEX 분석,금융,1,true,2025-11-18
온체인 주소 군집화,금융,1,False,
NFT 온체인 AI,금융,1,False,
스마트머니 온체인 분석,금융,1,False,
AI Chainlink 분석,금융,1,False,
온체인 스트림 분석,금융,1,true,2025-11-19
SOL 온체인 분석,금융,1,true,2025-11-18
AI TON 분석,금융,1,False,
알트코인 온체인 사이클,금융,1,False,
AI 펌핑코인 분석,금융,1,False,
온체인 가스 분석,금융,1,true,2025-11-21
AI 토큰 언락 분석,금융,1,False,
네트워크 활동 지표,금융,1,False,
스마트컨트랙트 온체인 분석,금융,1,False,
AI 거래소 입출금,금융,1,true,2025-11-19
스테이블코인 온체인 분석,금융,1,False,
AI 채굴자 분석,금융,1,False,
AI 청산 리스크,금융,1,true,2025-11-19
온체인 자금흐름 분석,금융,1,False,
AI 온체인 센티먼트,금융,1,False,
온체인 스캠 탐지,금융,1,False,
zkRollup 온체인 분석,금융,1,true,2025-11-19
AI 온체인 포트폴리오,금융,1,true,2025-11-20
이더리움 스테이킹 온체인,금융,1,False,
AI 계정추적,금융,1,False,
온체인 리스크 지표,금융,1,False,
비트코인 바닥 온체인,금융,1,False,
